"Pembunuh Sadis Ibu dan Anak di Aceh Divonis Hukuman Mati, Terbukti Pukul dan Perkosa Korban",https://regional.kompas.com/read/2021/09/01/185101678/pembunuh-sadis-ibu-dan-anak-di-aceh-divonis-hukuman-mati-terbukti-pukul-dan,https://asset.kompas.com/crops/Pqnxs60D4QqqQBMI1hFaFt0pwXE=/230x152/data/2018/kompascom/images/offline_img.jpg
"Tips Beli Pelek Mobil Bekas, Jangan Sembarangan",https://otomotif.kompas.com/read/2021/09/01/185000715/tips-beli-pelek-mobil-bekas-jangan-sembarangan,https://asset.kompas.com/crops/RMwIrhQ7mc6luDzAoECFglYg918=/0x0:780x390/230x152/data/photo/2016/01/24/0159052bersihkan-pelek780x390.jpg
"India Dilanda ""Demam Misterius"", Puluhan Anak Meninggal dalam Seminggu",https://www.kompas.com/global/read/2021/09/01/184743270/india-dilanda-demam-misterius-puluhan-anak-meninggal-dalam-seminggu,https://asset.kompas.com/crops/sfGL1Z5lY7H7fqpiXpWZ545K9V8=/2x0:800x532/230x152/data/photo/2021/09/01/612f6726ba741.jpg
"Angkot yang Halang-halangi Ambulans Bawa Pasien Stroke di Jatinegara Dikandangkan",https://megapolitan.kompas.com/read/2021/09/01/18470981/angkot-yang-halang-halangi-ambulans-bawa-pasien-stroke-di-jatinegara,https://asset.kompas.com/crops/Q9cPWmtPZoS40S2mAeI4yb3mosU=/0x0:0x0/230x152/data/photo/2021/09/01/612f668ada5c9.jpg
"KPK Perpanjang Penahanan Bupati Nonaktif Bintan Apri Sujadi",https://nasional.kompas.com/read/2021/09/01/18465041/kpk-perpanjang-penahanan-bupati-nonaktif-bintan-apri-sujadi,https://asset.kompas.com/crops/NAL3IRIYMhaEwFWpXX3oasHVXck=/94x0:893x533/230x152/data/photo/2021/08/12/6115320c32430.jpg
"54 Tenaga Medis Bergabung Jadi Relawan Covid-19 di Banyuwangi, Ini Harapan Mereka...",https://regional.kompas.com/read/2021/09/01/184612378/54-tenaga-medis-bergabung-jadi-relawan-covid-19-di-banyuwangi-ini-harapan,https://asset.kompas.com/crops/BELAWSL3167Wy9oRKpVaHFKqlhU=/0x0:0x0/230x152/data/photo/2021/09/01/612efd0a52660.jpg
"7 Fauna Pulau Jawa yang Hampir Punah",https://www.kompas.com/sains/read/2021/09/01/184500123/7-fauna-pulau-jawa-yang-hampir-punah,https://asset.kompas.com/crops/LlZMBOIHcycO-Hg8hH3YOiln-vQ=/0x0:0x0/230x152/data/photo/2021/06/06/60bc2f350a06d.jpg
"Sesalkan ASN Terlibat Praktik Jual Beli Jabatan, Menteri Tjahjo: Sistem Pengisian Jabatan Perlu Dibenahi",https://money.kompas.com/read/2021/09/01/184242626/sesalkan-asn-terlibat-praktik-jual-beli-jabatan-menteri-tjahjo-sistem,https://asset.kompas.com/crops/VFc3ZxC_XrXklmxeSscnpeRMsaI=/50x0:1000x633/230x152/data/photo/2021/04/08/606eeb79ed9ea.jpg
"Satgas Raika Segel Tempat Pesta Ulang Tahun Selebgram Makassar",https://regional.kompas.com/read/2021/09/01/184108878/satgas-raika-segel-tempat-pesta-ulang-tahun-selebgram-makassar,https://asset.kompas.com/crops/ZAxBkBosAR8iziUMtnrpIySTfqI=/0x0:0x0/230x152/data/photo/2021/07/09/60e825a935308.jpeg
"Bantah Kliennya Lakukan Penganiayaan, Kuasa Hukum Nicholas Sean Sebut Ayu Thalia Terjatuh",https://megapolitan.kompas.com/read/2021/09/01/18403361/bantah-kliennya-lakukan-penganiayaan-kuasa-hukum-nicholas-sean-sebut-ayu,https://asset.kompas.com/crops/yBhiBrTh4zgr-7z79BvrP2vPAxM=/92x0:1104x675/230x152/data/photo/2019/07/06/1990239237.jpg
"Lirik dan Chord Lagu Your Protector oleh Fleet Foxes",https://www.kompas.com/hype/read/2021/09/01/184000866/lirik-dan-chord-lagu-your-protector-oleh-fleet-foxes,https://asset.kompas.com/crops/4O-LqFtLwSnjM2gIhyf4G6h-3U0=/586x269:1351x778/230x152/data/photo/2020/11/17/5fb323340ea1c.png
"Sulitnya Memberantas Motor yang Lawan Arus",https://otomotif.kompas.com/read/2021/09/01/184000615/sulitnya-memberantas-motor-yang-lawan-arus,https://asset.kompas.com/crops/OiaLU3LRgiPO8WR1cHHeX-VpqBU=/57x74:902x637/230x152/data/photo/2020/11/27/5fc07c76cafbc.jpg
"Ambulans Bawa Pasien Stroke Dihalang-halangi Angkot di Jatinegara",https://megapolitan.kompas.com/read/2021/09/01/18395681/ambulans-bawa-pasien-stroke-dihalang-halangi-angkot-di-jatinegara,https://asset.kompas.com/crops/c0E-br9Z2__UYU2zSDxmFyRzA8w=/0x0:0x0/230x152/data/photo/2021/09/01/612f626334464.jpg
"Banjir Kotoran Sapi Melanda Permukiman Warga di Lembang, Warnanya Hijau Pekat dan Berbau Menyengat, Ini Penyebabnya",https://regional.kompas.com/read/2021/09/01/183942878/banjir-kotoran-sapi-melanda-permukiman-warga-di-lembang-warnanya-hijau,https://asset.kompas.com/crops/R18_qNr7RMUkC_qIfaaWuOH3kaY=/0x0:0x0/230x152/data/photo/2021/09/01/612f62583fe9c.jpg
"Penyanyi Folk Afghanistan Ini Ditembak Mati oleh Taliban",https://www.kompas.com/global/read/2021/09/01/183740570/penyanyi-folk-afghanistan-ini-ditembak-mati-oleh-taliban,https://asset.kompas.com/crops/qJti4wv0YFZskNh-wRXQMpgQJUg=/0x0:1999x1333/230x152/data/photo/2021/09/01/612f654fc777e.jpg
"Ini Alasan Sidang Putusan Kasus Narkoba Jeff Smith Ditunda",https://www.kompas.com/hype/read/2021/09/01/183451466/ini-alasan-sidang-putusan-kasus-narkoba-jeff-smith-ditunda,https://asset.kompas.com/crops/xMUIZxgd7sUE1Is1ssb3SR3_H_I=/25x0:578x369/230x152/data/photo/2021/04/16/6078b11bde288.png
"Billy Syahputra Beri Kejutan Ulang Tahun, Memes Prameswari: Aku Better Quality Time Saja",https://www.kompas.com/hype/read/2021/09/01/183441566/billy-syahputra-beri-kejutan-ulang-tahun-memes-prameswari-aku-better,https://asset.kompas.com/crops/Y4cjsIy1dUUZRVWpOo18sRFTo_s=/0x0:0x0/230x152/data/photo/2021/09/01/612f505b0aa52.jpg
"Wacana Amendemen UUD 1945, Pusako: Kok Begitu Jauh Kepentingan Publik dengan Kepentingan Politik",https://nasional.kompas.com/read/2021/09/01/18343181/wacana-amendemen-uud-1945-pusako-kok-begitu-jauh-kepentingan-publik-dengan,https://asset.kompas.com/crops/-xeq1KGXUlvJhZgT8lAoCc5r23o=/0x0:1080x720/230x152/data/photo/2020/02/19/5e4d01e5ec6fa.jpg
"Pembelajaran Tatap Muka di Kota Tangerang, PKL Dilarang Jualan di Area Sekolah",https://megapolitan.kompas.com/read/2021/09/01/18330191/pembelajaran-tatap-muka-di-kota-tangerang-pkl-dilarang-jualan-di-area,https://asset.kompas.com/crops/l6jOikV_wFTHASmQBq_OAAs-usI=/0x0:4903x3269/230x152/data/photo/2021/04/23/60825480675fc.jpeg
"Retakan di Stasiun Luar Angkasa Internasional Dikhawatirkan Meluas",https://www.kompas.com/sains/read/2021/09/01/183200423/retakan-di-stasiun-luar-angkasa-internasional-dikhawatirkan-meluas,https://asset.kompas.com/crops/o-JN2DHhhU_Ffw1jSzcm0O8RwEQ=/98x51:818x531/230x152/data/photo/2019/06/07/2596209346.jpg
"Bandara Juanda Punya Layanan Tes Antigen Tanpa Turun dari Kendaraan",https://travel.kompas.com/read/2021/09/01/183137327/bandara-juanda-punya-layanan-tes-antigen-tanpa-turun-dari-kendaraan,https://asset.kompas.com/crops/Fl59Jvzdm0Nw8H2fevI4wWFnzMg=/95x249:1169x964/230x152/data/photo/2021/09/01/612f63d42fee6.jpg
"Volume Lalu Lintas di Jakarta Naik Selama PPKM Level 3",https://otomotif.kompas.com/read/2021/09/01/183000215/volume-lalu-lintas-di-jakarta-naik-selama-ppkm-level-3,https://asset.kompas.com/crops/slzHQg3DJbQc7FKfbKCJkY5Jed4=/0x0:0x0/230x152/data/photo/2021/05/17/60a26d3584844.jpg
"Jadi Panduan Izin Berusaha, Penyusunan RDTR Harus Detail dan Tepat",https://www.kompas.com/properti/read/2021/09/01/183000521/jadi-panduan-izin-berusaha-penyusunan-rdtr-harus-detail-dan-tepat,https://asset.kompas.com/crops/ftsoLsSdtGzNxWZtzhCdiAMvTLA=/0x0:1280x853/230x152/data/photo/2021/09/01/612f20b79fe94.jpeg
"5 Cara agar Rumput Gajah di Halaman Rumah Tumbuh Lebat dan Subur",https://www.kompas.com/homey/read/2021/09/01/183000076/5-cara-agar-rumput-gajah-di-halaman-rumah-tumbuh-lebat-dan-subur,https://asset.kompas.com/crops/DvOQyffemls0km8n_4i-PaoEsjs=/0x0:780x390/230x152/data/photo/2013/07/05/2217042gajah780x390.JPG
"Lirik dan Chord Lagu Justified - Kacey Musgraves",https://www.kompas.com/hype/read/2021/09/01/183000766/lirik-dan-chord-lagu-justified-kacey-musgraves,https://asset.kompas.com/crops/m95beFerXHS9vjafHcZXIE3hCk8=/0x0:999x666/230x152/data/photo/2019/02/11/1634909984.jpg
"Pemkot Yogyakarta Terbitkan KTP untuk Transgender, Kolom Jenis Kelamin Diisi Laki-laki",https://regional.kompas.com/read/2021/09/01/182833978/pemkot-yogyakarta-terbitkan-ktp-untuk-transgender-kolom-jenis-kelamin-diisi,https://asset.kompas.com/crops/DeVAtVUID8C63-d_uh9u-6Ti5To=/80x53:720x480/230x152/data/photo/2021/09/01/612f6322afb60.jpeg
"Kasus Korupsi Asabri, Kejagung Periksa 17 Orang Saksi",https://nasional.kompas.com/read/2021/09/01/18282681/kasus-korupsi-asabri-kejagung-periksa-17-orang-saksi,https://asset.kompas.com/crops/klYjFoAwwCZQyLHYK7hwVxWpVaQ=/104x0:689x390/230x152/data/photo/2013/05/30/0014352-gedung-kejaksaan-agung-780x390.JPG
"Update Covid-19 di Aceh, Sumut, Sumbar, Riau, Kepri, Jambi, dan Bengkulu 1 September 2021",https://regional.kompas.com/read/2021/09/01/182800678/update-covid-19-di-aceh-sumut-sumbar-riau-kepri-jambi-dan-bengkulu-1,https://asset.kompas.com/crops/8Ynnk2bgiwE8ffhD6-k46nC7gAA=/27x0:5815x3859/230x152/data/photo/2021/02/25/6037c80faf188.jpg
"Sidang Putusan Jeff Smith Ditunda, Aisyah Aqilah Sempat Deg-degan",https://www.kompas.com/hype/read/2021/09/01/182651066/sidang-putusan-jeff-smith-ditunda-aisyah-aqilah-sempat-deg-degan,https://asset.kompas.com/crops/Q4WsMh5lDKPVXX_vpCrkC5SA9qY=/156x0:2145x1326/230x152/data/photo/2019/04/02/3712191775.jpg
"Yosef dan Istri Mudanya M Diperiksa Polisi hingga Tengah Malam, Pengacara: Ditanya Lagi Keberadaan Saat Pembunuhan di Subang",https://regional.kompas.com/read/2021/09/01/182633078/yosef-dan-istri-mudanya-m-diperiksa-polisi-hingga-tengah-malam-pengacara,https://asset.kompas.com/crops/ZLc3fWPI6y30SGo3JNTkbJ9GBKs=/0x0:590x393/230x152/data/photo/2021/08/31/612e0dfa8363a.jpg
"Sejarah Kue Ulang Tahun, Bermula dari Alat Pemujaan Orang Yunani",https://www.kompas.com/food/read/2021/09/01/182549875/sejarah-kue-ulang-tahun-bermula-dari-alat-pemujaan-orang-yunani,https://asset.kompas.com/crops/fntcA1mUWso8b1JMO7AjZOgO3xI=/1x0:1280x853/230x152/data/photo/2021/09/01/612ef1361de8a.jpg
"Warga yang Ditangkap Saat Adang Alat Berat di Proyek Jalan ke Sirkuit Mandalika Telah Dibebaskan",https://regional.kompas.com/read/2021/09/01/182212478/warga-yang-ditangkap-saat-adang-alat-berat-di-proyek-jalan-ke-sirkuit,https://asset.kompas.com/crops/yiLCqf09bKJNV4eUvH0H32BrScw=/0x0:0x0/230x152/data/photo/2021/09/01/612ecf745c4e9.jpg
"Kemenkes Akui Aplikasi E-HAC Punya Celah untuk Jadi Sumber Kebocoran Data",https://nasional.kompas.com/read/2021/09/01/18210751/kemenkes-akui-aplikasi-e-hac-punya-celah-untuk-jadi-sumber-kebocoran-data,https://asset.kompas.com/crops/PgdtgpocLn7atg8JEt29nZVi5F8=/0x59:3464x2368/230x152/data/photo/2021/08/31/612dcf45ccaa8.jpg
"2 Juta Orang di Dunia Meninggal akibat Bencana, Makin Parah karena Perubahan Iklim",https://www.kompas.com/global/read/2021/09/01/182030770/2-juta-orang-di-dunia-meninggal-akibat-bencana-makin-parah-karena,https://asset.kompas.com/crops/jFtDoMcj12gxUeldQt4uJMUzNCU=/88x0:919x554/230x152/data/photo/2020/12/05/5fca71921b452.jpg
"Benda yang Boleh dan Tidak Boleh Dibawa Pulang dari Kamar Hotel",https://lifestyle.kompas.com/read/2021/09/01/182002420/benda-yang-boleh-dan-tidak-boleh-dibawa-pulang-dari-kamar-hotel,https://asset.kompas.com/crops/Um2MowHdObrjp3AanAZgD-87i4w=/14x18:986x667/230x152/data/photo/2018/05/11/2412454769.jpg
"September Ceria, Warna bagi Olahraga Indonesia",https://www.kompas.com/sports/read/2021/09/01/18200078/september-ceria-warna-bagi-olahraga-indonesia,https://asset.kompas.com/crops/g0zinzRzaJJ_FTvkReEs1B0iZqE=/0x0:0x0/230x152/data/photo/2021/08/02/6107947fd3b20.jpg
"Lirik dan Chord Lagu (You Make Me Feel) So Good - The McCoys",https://www.kompas.com/hype/read/2021/09/01/182000366/lirik-dan-chord-lagu-you-make-me-feel-so-good-the-mccoys,https://asset.kompas.com/crops/TaPx03m2R2P1O3xSIDAHIIxxE_o=/99x0:748x433/230x152/data/photo/2021/08/23/6122dc9e22a00.jpg
"KTM Resmi Ungkap RC 390 Model Baru",https://otomotif.kompas.com/read/2021/09/01/182000015/ktm-resmi-ungkap-rc-390-model-baru,https://asset.kompas.com/crops/BNWJ-PQAc_mRfZSpJKmQcywJEqM=/0x31:1024x713/230x152/data/photo/2021/09/01/612f4644d54da.jpg
"Pemerintah Siapkan Strategi Hidup Berdampingan dengan Covid-19",https://nasional.kompas.com/read/2021/09/01/18184031/pemerintah-siapkan-strategi-hidup-berdampingan-dengan-covid-19,https://asset.kompas.com/crops/dnHVLp_-tLHGRuMIIhZv_9zSf9E=/0x0:0x0/230x152/data/photo/2021/05/20/60a66c68e5a7a.jpg
"Guru Agama Diduga Cabuli Muridnya, Dilakukan di Tempat Ibadah",https://regional.kompas.com/read/2021/09/01/181806478/guru-agama-diduga-cabuli-muridnya-dilakukan-di-tempat-ibadah,https://asset.kompas.com/crops/zL-6HBGavLIAKWc8oOF_5s7iOCU=/0x0:0x0/230x152/data/photo/2021/06/05/60bb2cd287382.jpg
"Pelindo I-IV Gabung Jadi Satu Perusahaan, Nilai Aset Capai Rp 112 Triliun",https://money.kompas.com/read/2021/09/01/181711726/pelindo-i-iv-gabung-jadi-satu-perusahaan-nilai-aset-capai-rp-112-triliun,https://asset.kompas.com/crops/TJxKKhkWpGxenQo8Tr8Abxny34E=/0x0:4617x3078/230x152/data/photo/2021/07/20/60f6637959b71.jpg
"Iguana Merah Muda Asal Kepulauan Galapagos Terancam Punah",https://www.kompas.com/sains/read/2021/09/01/181600323/iguana-merah-muda-asal-kepulauan-galapagos-terancam-punah,https://asset.kompas.com/crops/9GoFR8qkVRaGI33reHllxzycTXE=/0x0:795x530/230x152/data/photo/2021/09/01/612f52e27cd9d.jpg
"Moeldoko Akui Redistribusi Tanah Konflik Agraria Masih Lemah, Baru 26 Persen",https://nasional.kompas.com/read/2021/09/01/18150271/moeldoko-akui-redistribusi-tanah-konflik-agraria-masih-lemah-baru-26-persen,https://asset.kompas.com/crops/4DQn002IpXmlTDRonEvookTUA-U=/0x0:997x664/230x152/data/photo/2020/04/29/5ea90a1de937e.jpg
"Kritik AS dan Sekutu Barat terkait Afghanistan, Paus Fransiskus Kutip Ucapan Putin",https://www.kompas.com/global/read/2021/09/01/181500170/kritik-as-dan-sekutu-barat-terkait-afghanistan-paus-fransiskus-kutip,https://asset.kompas.com/crops/ftdcDyq5BB4-1gziemRpCZGLkCA=/0x0:800x533/230x152/data/photo/2020/11/13/5fadc356daeed.jpg
"Gelar Anti-Corruption Film Festival, KPK Ajak Generasi Muda Bangkit dan Berkreasi",https://www.kompas.com/hype/read/2021/09/01/181438666/gelar-anti-corruption-film-festival-kpk-ajak-generasi-muda-bangkit-dan,https://asset.kompas.com/crops/3GeunyN2o7Q-Mgf03hb3TuE_hG4=/0x0:0x0/230x152/data/photo/2021/09/01/612f5d2c16e24.jpg
"Tidak Perlu Jumbo, Ini Besaran RAM yang Cukup Bagus untuk Smartphone",https://tekno.kompas.com/read/2021/09/01/18130007/tidak-perlu-jumbo-ini-besaran-ram-yang-cukup-bagus-untuk-smartphone,https://asset.kompas.com/crops/UvrEZiOs6FwHVTqLG5p3gW8RmpY=/141x0:1221x720/230x152/data/photo/2021/07/07/60e55baa134ab.jpeg
"Ada Rumor Dia Berniat Mundur, Ini Kata Paus Fransiskus",https://www.kompas.com/global/read/2021/09/01/181147470/ada-rumor-dia-berniat-mundur-ini-kata-paus-fransiskus,https://asset.kompas.com/crops/7HC3Qikd-ZlbWnrel-NeFRefmzs=/0x36:1024x719/230x152/data/photo/2021/07/05/60e242fd3574e.jpg
"UPDATE 1 September: Ada 251.359 Suspek Covid-19 di Tanah Air",https://nasional.kompas.com/read/2021/09/01/18100161/update-1-september-ada-251359-suspek-covid-19-di-tanah-air,https://asset.kompas.com/crops/_rrukCLXAinTCQcVeNjSpKo1dIg=/1x1:750x500/230x152/data/photo/2021/07/12/60ebe52f5b40a.jpg
"Lirik dan Chord Lagu Roll Over, Baby - LANY",https://www.kompas.com/hype/read/2021/09/01/181000766/lirik-dan-chord-lagu-roll-over-baby-lany,https://asset.kompas.com/crops/7sRl0OmgHJ_rMUmU55KfaNiS77o=/1x0:1280x853/230x152/data/photo/2019/08/14/5d5395c3155d5.jpg
"Penjualan Toyota Membaik di Pertengahan 2021",https://otomotif.kompas.com/read/2021/09/01/181000315/penjualan-toyota-membaik-di-pertengahan-2021,https://asset.kompas.com/crops/0P5iPBrfd9Nu9SbaZft_unDrJaM=/23x17:658x440/230x152/data/photo/2021/08/19/611de214e2721.jpg
"UPDATE Covid-19 di Jatim, DIY, Bali, NTB, NTT, Kalbar, dan Kalsel 1 September 2021",https://regional.kompas.com/read/2021/09/01/180834078/update-covid-19-di-jatim-diy-bali-ntb-ntt-kalbar-dan-kalsel-1-september,https://asset.kompas.com/crops/Z27J8MzONZ9A51_Lz4aAd5ezL6c=/0x0:780x520/230x152/data/photo/2020/12/05/5fcb3088936c9.jpg
"Kemenkes: ""Testing Rate"" Covid-19 Meningkat 3 Kali Lipat dari Standar WHO",https://nasional.kompas.com/read/2021/09/01/18074161/kemenkes-testing-rate-covid-19-meningkat-3-kali-lipat-dari-standar-who,https://asset.kompas.com/crops/4fBx95nvfvTAKFRmeIAKKJtTxrU=/0x0:0x0/230x152/data/photo/2021/08/18/611d0d36e4f45.jpg
"UPDATE 1 September: Sebaran 653 Kasus Kematian Covid-19, Jawa Tengah Tertinggi",https://nasional.kompas.com/read/2021/09/01/18073161/update-1-september-sebaran-653-kasus-kematian-covid-19-jawa-tengah-tertinggi,https://asset.kompas.com/crops/Igv-ik_TUKJxexIHc1jnMYngdK0=/91x0:900x539/230x152/data/photo/2021/08/19/611e0f278ca5d.jpg
"INFOGRAFIK: Syarat Pakaian dan Dokumen yang Wajib Dibawa Peserta Tes SKD CPNS 2021",https://www.kompas.com/tren/read/2021/09/01/180600865/infografik--syarat-pakaian-dan-dokumen-yang-wajib-dibawa-peserta-tes-skd,https://asset.kompas.com/crops/UAghfMNBP9bBH98_vxaK6zbpoUg=/0x0:901x601/230x152/data/photo/2021/09/01/612f40f520411.png
"Sinopsis Coraline, Petualangan Gadis Kecil di Dunia Pararel",https://www.kompas.com/hype/read/2021/09/01/180500166/sinopsis-coraline-petualangan-gadis-kecil-di-dunia-pararel,https://asset.kompas.com/crops/8NGG9QPqWwTEy1ZrMgKGNjdjM_Q=/58x11:917x584/230x152/data/photo/2021/09/01/612f3fcd6174b.png
"UPDATE 1 September: Sebaran 10.337 Kasus Baru Covid-19, Tertinggi di Jabar",https://nasional.kompas.com/read/2021/09/01/18032291/update-1-september-sebaran-10337-kasus-baru-covid-19-tertinggi-di-jabar,https://asset.kompas.com/crops/jp3QOYEU35FgPCYXEysov-jHdZI=/0x398:2100x1798/230x152/data/photo/2020/03/19/5e72fef71944d.jpg
"Comeback, Vic Chou Beberkan Karakternya dalam Drama Danger Zone",https://www.kompas.com/hype/read/2021/09/01/180251866/comeback-vic-chou-beberkan-karakternya-dalam-drama-danger-zone,https://asset.kompas.com/crops/Vge7gX6mq3DKivSQkTVUtITk9m0=/0x21:800x555/230x152/data/photo/2021/01/15/600136b0a7f35.jpg
"Jokowi Berkunjung ke Lampung, Akan Tinjau Vaksinasi Pelajar hingga Resmikan Bendungan",https://regional.kompas.com/read/2021/09/01/180248878/jokowi-berkunjung-ke-lampung-akan-tinjau-vaksinasi-pelajar-hingga-resmikan,https://asset.kompas.com/crops/VUBIY1gtp0Wc7ZpYIxIEKBQABFM=/0x0:0x0/230x152/data/photo/2021/09/01/612f545cedf7f.jpg
"Dilaporkan atas Tuduhan Aniaya Ayu Thalia, Anak Ahok Siap Hadapi Proses Hukum",https://megapolitan.kompas.com/read/2021/09/01/18022621/dilaporkan-atas-tuduhan-aniaya-ayu-thalia-anak-ahok-siap-hadapi-proses,https://asset.kompas.com/crops/yBhiBrTh4zgr-7z79BvrP2vPAxM=/92x0:1104x675/230x152/data/photo/2019/07/06/1990239237.jpg
"Ada Vaksinasi Drive Thru di Tol Jagorawi, Ini Syarat dan Ketentuannya",https://otomotif.kompas.com/read/2021/09/01/180204015/ada-vaksinasi-drive-thru-di-tol-jagorawi-ini-syarat-dan-ketentuannya,https://asset.kompas.com/crops/FmzST0uRwoSk46abLDPLUDB3NEI=/97x0:1177x720/230x152/data/photo/2021/09/01/612f3ba769f8d.jpeg
"8 Gejala Glaukoma Akut dan Penyebabnya",https://health.kompas.com/read/2021/09/01/180100868/8-gejala-glaukoma-akut-dan-penyebabnya,https://asset.kompas.com/crops/Oog5JBCTWSqlhB7MjjoCeQwExTY=/35x7:994x646/230x152/data/photo/2021/03/17/6051b8880cb41.jpg
"Mengenang Letusan Krakatau 1883 dan Upaya Mitigasi di Selat Sunda",https://www.kompas.com/sains/read/2021/09/01/180100823/mengenang-letusan-krakatau-1883-dan-upaya-mitigasi-di-selat-sunda,https://asset.kompas.com/crops/E0XUGgDGx78n2gW7PmDudCVH7Ro=/0x929:1006x1600/230x152/data/photo/2020/04/11/5e9179d43397e.jpg
"UPDATE 1 September: 220.061 Spesimen Diperiksa Terkait Covid-19, Positivity Rate PCR 18,2 Persen",https://nasional.kompas.com/read/2021/09/01/18003511/update-1-september-220061-spesimen-diperiksa-terkait-covid-19-positivity,https://asset.kompas.com/crops/Tj9cyGOAYvpQYQBRjdfM-VzqawU=/0x0:996x664/230x152/data/photo/2021/07/30/6103cd54e4c93.jpg
"Lengkap, Ini Cara Beli Pelatihan Prakerja",https://money.kompas.com/read/2021/09/01/180000726/lengkap-ini-cara-beli-pelatihan-prakerja,https://asset.kompas.com/crops/HjFeJPlFbevpyN04Sa8fnTJESWY=/59x91:683x507/230x152/data/photo/2021/08/25/6125fc84a8d00.jpg
"10 Alat Rumah dengan Energi Listrik dan Fungsinya",https://www.kompas.com/skola/read/2021/09/01/180000569/10-alat-rumah-dengan-energi-listrik-dan-fungsinya,https://asset.kompas.com/crops/Ra2upzAIcjw51ftEKMooE3ST8-A=/0x1337:4500x4337/230x152/data/photo/2021/09/01/612f4c67949e3.jpg
"Lirik dan Chord Lagu Dirty Boots - Sonic Youth",https://www.kompas.com/hype/read/2021/09/01/180000966/lirik-dan-chord-lagu-dirty-boots-sonic-youth,https://asset.kompas.com/crops/DRXv35z7RmrUBuMMhfteGEzabtI=/0x0:1800x1200/230x152/data/photo/2021/08/30/612c4234bcaf0.jpg
"Durasi Permainan Bola Basket",https://www.kompas.com/sports/read/2021/09/01/18000098/durasi-permainan-bola-basket,https://asset.kompas.com/crops/wOm1JtMW6Bng-o0Wlhng8jMURNA=/37x64:964x682/230x152/data/photo/2020/10/10/5f8113ceecf0b.jpg
"Sertifikat Redistribusi Tanah 18,88 hektar di Kepulauan Riau Resmi Berpindah Tangan",https://www.kompas.com/properti/read/2021/09/01/180000621/sertifikat-redistribusi-tanah-18-88-hektar-di-kepulauan-riau-resmi,https://asset.kompas.com/crops/TqeNEnmHQrr9LGF9PW3bArPIgZE=/0x0:1280x853/230x152/data/photo/2021/09/01/612f1b2141423.jpeg
"Siswa SMAN 77 Jakarta: Kalau Belajar Tatap Muka, Sekali Diterangkan Langsung Paham",https://megapolitan.kompas.com/read/2021/09/01/17583031/siswa-sman-77-jakarta-kalau-belajar-tatap-muka-sekali-diterangkan,https://asset.kompas.com/crops/0yxQPSzn-bpoYknguSfYoE9Jui0=/0x0:0x0/230x152/data/photo/2021/09/01/612f59d4bd884.jpg
"Baru 3 Minggu Dilantik, Kepala BPBD Aceh Utara Mundur Tanpa Sertakan Surat dari Dokter",https://regional.kompas.com/read/2021/09/01/175751478/baru-3-minggu-dilantik-kepala-bpbd-aceh-utara-mundur-tanpa-sertakan-surat,https://asset.kompas.com/crops/dz8oPONZm8ZDVfeZn9kNFWaZjuM=/13x0:1000x658/230x152/data/photo/2019/05/23/2044046208.jpg
"Lirik Lagu So Tender - Say Sue Me, OST Drakor Nevertheless",https://www.kompas.com/hype/read/2021/09/01/175626266/lirik-lagu-so-tender-say-sue-me-ost-drakor-nevertheless,https://asset.kompas.com/crops/Dt0VbLNBWJHoXvv6sPYjqK6-KDk=/0x0:900x600/230x152/data/photo/2021/06/04/60b97a0f4fc94.jpeg
"Sinopsis Deca Dence, Pertarungan Manusia Melawan Gadoll",https://www.kompas.com/hype/read/2021/09/01/175556066/sinopsis-deca-dence-pertarungan-manusia-melawan-gadoll,https://asset.kompas.com/crops/VDH0V40L-jpwkWiGxztBhdusJmI=/296x146:1080x669/230x152/data/photo/2021/09/01/612f4f2f1fe48.jpg
"Lirik dan Chord Lagu Just Drive - Erin Kinsey",https://www.kompas.com/hype/read/2021/09/01/175506266/lirik-dan-chord-lagu-just-drive-erin-kinsey,https://asset.kompas.com/crops/nnazihEbRIT04-mjV31O2jAHtK4=/0x56:1000x722/230x152/data/photo/2020/09/21/5f68a5f0f0bd0.jpg
"Pria di Medan yang Viral Jagal Kucing Tayo Divonis 2 Tahun 6 Bulan Penjara",https://medan.kompas.com/read/2021/09/01/175436478/pria-di-medan-yang-viral-jagal-kucing-tayo-divonis-2-tahun-6-bulan-penjara,https://asset.kompas.com/crops/P48oGkAoOFciNCMPWXBy4rgCxeY=/0x0:0x0/230x152/data/photo/2021/01/28/6012742d9d2cd.jpg
"Viral, Video Truk Pasir Nekat Lawan Arus di Tangerang Selatan",https://otomotif.kompas.com/read/2021/09/01/175348715/viral-video-truk-pasir-nekat-lawan-arus-di-tangerang-selatan,https://asset.kompas.com/crops/vnkQ9TVo-CAjK1wAQiCNTNV-jJ8=/379x299:1080x767/230x152/data/photo/2021/09/01/612efc895f8d2.png
"Lirik Lagu Outsider, Singel Comeback BTOB",https://www.kompas.com/hype/read/2021/09/01/175245766/lirik-lagu-outsider-singel-comeback-btob,https://asset.kompas.com/crops/7FZ59SHTBcfMKsCmNvM1bPXtqYo=/0x0:900x600/230x152/data/photo/2021/08/06/610cb2399777d.jpg
"Jelang Musim Hujan, Pengerukan Lumpur di Jakbar Digencarkan Tiap Akhir Pekan",https://megapolitan.kompas.com/read/2021/09/01/17524461/jelang-musim-hujan-pengerukan-lumpur-di-jakbar-digencarkan-tiap-akhir,https://asset.kompas.com/crops/n5jVuuAITQfYWfJSXh2FiZKu73c=/10x0:1000x660/230x152/data/photo/2017/10/12/22065401505132942b63-pengerukan-lumpur-kanal-banjir-barat-tanah-abang.jpg
"Bus Baru PO Putra Remaja, Pakai Sasis Scania",https://otomotif.kompas.com/read/2021/09/01/175216515/bus-baru-po-putra-remaja-pakai-sasis-scania,https://asset.kompas.com/crops/kgz6jJEK6XFqjYmM1LNRnB9s78o=/0x107:1280x960/230x152/data/photo/2021/09/01/612f3b91e92bd.jpeg
"Prokes Ketat Saat PTM Terbatas, Tiga Sekolah di Sumedang Sediakan Tempat Isoman untuk Pelajar dan Guru",https://regional.kompas.com/read/2021/09/01/175018578/prokes-ketat-saat-ptm-terbatas-tiga-sekolah-di-sumedang-sediakan-tempat,https://asset.kompas.com/crops/SK2XTZhQ0y0XjFwH0-9hg5AGguk=/0x0:0x0/230x152/data/photo/2021/09/01/612f509803a41.jpg
"Sinopsis a Single Fighter, Kisah Seorang Pria Merebut Kembali Istrinya",https://www.kompas.com/hype/read/2021/09/01/175011766/sinopsis-a-single-fighter-kisah-seorang-pria-merebut-kembali-istrinya,https://asset.kompas.com/crops/LmGtajP21ffEoNjtqsBsrryUsLE=/231x142:1171x768/230x152/data/photo/2021/09/01/612f509d26aa8.jpg
"Lirik dan Chord Lagu Candy dari Robbie Williams",https://www.kompas.com/hype/read/2021/09/01/175000566/lirik-dan-chord-lagu-candy-dari-robbie-williams,https://asset.kompas.com/crops/iwVgI9fKDnMnhzxZRbH9PwaWEY0=/0x0:780x390/230x152/data/photo/2016/04/20/1057359robbie780x390.jpg
"Sinopsis The Way of the Hot & Spicy, Kisah Si Pencinta Makanan Pedas",https://www.kompas.com/hype/read/2021/09/01/174850266/sinopsis-the-way-of-the-hot-spicy-kisah-si-pencinta-makanan-pedas,https://asset.kompas.com/crops/v4RgwUvT4u_LFGi0KlLGLdooy6M=/195x92:1159x734/230x152/data/photo/2021/09/01/612f5209d4b8d.jpg
"UPDATE 1 September: Cakupan Vaksinasi Covid-19 Capai 17,45 Persen dari Target",https://nasional.kompas.com/read/2021/09/01/17483151/update-1-september-cakupan-vaksinasi-covid-19-capai-1745-persen-dari-target,https://asset.kompas.com/crops/K0VdzStNfuA5eiSa-rekR7lffDk=/0x0:780x520/230x152/data/photo/2021/09/01/612f1895a423e.jpg
"Didiet Maulana Berbagi Rasa Lewat Kulinara di Tengah Pandemi Covid-19",https://www.kompas.com/hype/read/2021/09/01/174752366/didiet-maulana-berbagi-rasa-lewat-kulinara-di-tengah-pandemi-covid-19,https://asset.kompas.com/crops/QaKlWnanpb5g1OoS7qcUFKgO7hM=/0x0:0x0/230x152/data/photo/2020/07/29/5f216c0a885ab.jpg
"Manfaat Terong Ungu bagi Kesehatan Tubuh, Apa Saja?",https://lifestyle.kompas.com/read/2021/09/01/174741420/manfaat-terong-ungu-bagi-kesehatan-tubuh-apa-saja,https://asset.kompas.com/crops/tOkKnK8c0Lov3leeLqCtMuBsm_c=/35x0:983x632/230x152/data/photo/2021/07/25/60fd94dadbd49.jpg
"Jabatan Dikembalikan, Sekda Jepara Langsung Temui Bupati",https://regional.kompas.com/read/2021/09/01/174703978/jabatan-dikembalikan-sekda-jepara-langsung-temui-bupati,https://asset.kompas.com/crops/3q7nu-KBxVBcA7jhzSTRm4oN8Rg=/0x0:0x0/230x152/data/photo/2021/08/12/6114f70f3a934.jpg
"Ingin Jadi Pahlawan Super Marvel, Remaja Ini Suntikkan Zat Merkuri ke Tubuhnya",https://www.kompas.com/global/read/2021/09/01/174653770/ingin-jadi-pahlawan-super-marvel-remaja-ini-suntikkan-zat-merkuri-ke,https://asset.kompas.com/crops/zdDPmG9SLxDYye5rb7jMkM8Xg30=/0x0:1200x600/230x152/data/photo/2021/09/01/612f598963561.jpg
"Duduki Peringkat 2 di Spotify, Ini Lirik Lagu Jail - Kanye West",https://www.kompas.com/hype/read/2021/09/01/174643466/duduki-peringkat-2-di-spotify-ini-lirik-lagu-jail-kanye-west,https://asset.kompas.com/crops/sCynY3j6D4OhVsKrYOaSchdTAzE=/0x22:681x476/230x152/data/photo/2021/08/26/61278d0e6b430.jpg
"Ragam Manfaat dan Cara Merawat Tanaman Rosemary",https://www.kompas.com/homey/read/2021/09/01/174600676/ragam-manfaat-dan-cara-merawat-tanaman-rosemary,https://asset.kompas.com/crops/kmJCgm3vM93xxHtdhDeMuaA1SgM=/33x0:1850x1211/230x152/data/photo/2021/07/05/60e2a95c0df13.jpg
"5 Rekomendasi Film Tentang Agen Rahasia",https://www.kompas.com/hype/read/2021/09/01/174541666/5-rekomendasi-film-tentang-agen-rahasia,https://asset.kompas.com/crops/VEc-CzYp6VYzsibxVZog7OrLxLk=/0x23:325x239/230x152/data/photo/2020/06/09/5edf90065d726.jpg
"Trending di Spotify, Simak Lirik Lagu Touch It - KiDi",https://www.kompas.com/hype/read/2021/09/01/174355966/trending-di-spotify-simak-lirik-lagu-touch-it-kidi,https://asset.kompas.com/crops/9l7rYgZ2AuG9Oq_vXBinonCswnM=/22x0:604x388/230x152/data/photo/2021/01/24/600d55e1e52dd.jpg
"UPDATE 1 September: 189.571 Kasus Aktif Covid-19 di Indonesia",https://nasional.kompas.com/read/2021/09/01/17434191/update-1-september-189571-kasus-aktif-covid-19-di-indonesia,https://asset.kompas.com/crops/djZ6S-IgS9D629pmO5LO_rqy2_U=/0x0:0x0/230x152/data/photo/2021/07/13/60ed994b4f39d.jpg
"Sekda Tasikmalaya Yakin Tembok 3 Meter yang Tutupi Jalan Masuk SD Segera Dibuka Pemilik Lahan",https://regional.kompas.com/read/2021/09/01/174331878/sekda-tasikmalaya-yakin-tembok-3-meter-yang-tutupi-jalan-masuk-sd-segera,https://asset.kompas.com/crops/3uEKHzETUxAUlVsBZ0mh_YczgZE=/0x0:0x0/230x152/data/photo/2021/09/01/612f21739845a.jpg
"Sinopsis Goal!, Kisah Kuno Becker Sebagai Pemain Bola",https://www.kompas.com/hype/read/2021/09/01/174252266/sinopsis-goal-kisah-kuno-becker-sebagai-pemain-bola,https://asset.kompas.com/crops/ikcJJ3YgM_nnOJnje8iBo7Xu1mY=/222x142:1144x757/230x152/data/photo/2021/09/01/612f550da68d9.jpg
"Cerita Saat Lord Adi dan Jesselyn Bikin Perjanjian hingga Semakin Dekat",https://www.kompas.com/hype/read/2021/09/01/174152466/cerita-saat-lord-adi-dan-jesselyn-bikin-perjanjian-hingga-semakin-dekat,https://asset.kompas.com/crops/4OAjGpQaYG4hbJyd51qzvhfl6lA=/0x168:960x808/230x152/data/photo/2021/08/23/6123032b5e8ba.jpg
"UPDATE: Bertambah 653, Total Pasien Covid-19 Meninggal 133.676 Orang",https://nasional.kompas.com/read/2021/09/01/17413271/update-bertambah-653-total-pasien-covid-19-meninggal-133676-orang,https://asset.kompas.com/crops/IN5Rn_a_IkiUAeoP3bfaTOEcPPs=/0x0:0x0/230x152/data/photo/2021/06/28/60d9ccdc5a95f.jpeg
"Sinopsis Paper Towns, Hilangnya Cara Delevingne",https://www.kompas.com/hype/read/2021/09/01/174116866/sinopsis-paper-towns-hilangnya-cara-delevingne,https://asset.kompas.com/crops/FSsu4AgvmzR2C4yPXvQaORtFcYY=/205x139:1149x768/230x152/data/photo/2021/09/01/612f56f1bc195.jpg
"UPDATE 1 September: Bertambah 16.394, Kasus Sembuh Covid-19 Jadi 3.776.891",https://nasional.kompas.com/read/2021/09/01/17405261/update-1-september-bertambah-16394-kasus-sembuh-covid-19-jadi-3776891,https://asset.kompas.com/crops/RIq8eHoONRgeV6yAxb9jQDjYOTg=/0x0:0x0/230x152/data/photo/2021/01/15/6001749f201b1.jpg
"Soal Kepengurusan Dokumen Kependudukan, Dirjen Dukcapil: Pangkas Syarat yang Tidak Perlu",https://nasional.kompas.com/read/2021/09/01/17402371/soal-kepengurusan-dokumen-kependudukan-dirjen-dukcapil-pangkas-syarat-yang,https://asset.kompas.com/crops/yZFmHSQuZrMQ-Qp4XqfFx8lq4n4=/266x0:1706x960/230x152/data/photo/2019/04/02/1506619263.jpg
"Pemkot Jakbar Bangun Embung di Kawasan Rusun Flamboyan Cengkareng untuk Cegah Banjir",https://megapolitan.kompas.com/read/2021/09/01/17401981/pemkot-jakbar-bangun-embung-di-kawasan-rusun-flamboyan-cengkareng-untuk,https://asset.kompas.com/crops/F2bPKb4SPU1dVit_KqU6FFkFB-4=/0x0:780x390/230x152/data/photo/2014/11/03/1629320shutterstock-226943815780x390.jpg
"Jadi Jalur Alternatif Cirebon-Kuningan, Jalan Lingkar Timur Kuningan Kelar November 2021",https://money.kompas.com/read/2021/09/01/174009626/jadi-jalur-alternatif-cirebon-kuningan-jalan-lingkar-timur-kuningan-kelar,https://asset.kompas.com/crops/XnGBGb2tcPA7gz2t0lFkPcT5C5o=/0x0:1368x912/230x152/data/photo/2021/09/01/612f571eeed2d.jpeg
"Alasan Liga 1 2021 Wajib Vaksin 2 Dosis dan Tidak Pandang Lokal Maupun Asing",https://bola.kompas.com/read/2021/09/01/17400018/alasan-liga-1-2021-wajib-vaksin-2-dosis-dan-tidak-pandang-lokal-maupun-asing,https://asset.kompas.com/crops/h_FzBidERMp0JUCK5Mnot-eF1WU=/0x0:6000x4000/230x152/data/photo/2021/01/30/6014f4c41647b.jpg
"Pangan Bersubsidi Mulai Didistribusikan di 158 Pasar Jaya Hari Ini",https://megapolitan.kompas.com/read/2021/09/01/17385121/pangan-bersubsidi-mulai-didistribusikan-di-158-pasar-jaya-hari-ini,https://asset.kompas.com/crops/A2xFtGFLi2kieuuuMJdrI4dy7Pk=/0x0:1280x853/230x152/data/photo/2021/01/14/600038a2a61c9.jpg
"4 Pekerja Terkapar di Bawah Tiang Listrik, 2 Tewas",https://regional.kompas.com/read/2021/09/01/173825278/4-pekerja-terkapar-di-bawah-tiang-listrik-2-tewas,https://asset.kompas.com/crops/LHYcytAEQ7KZEd0cqpocpglFlc8=/53x0:643x393/230x152/data/photo/2021/09/01/612f561cb90c6.jpg
"UPDATE 1 September: Kasus Covid-19 di Indonesia Capai 4,1 Juta, Tambah 10.337",https://nasional.kompas.com/read/2021/09/01/17374871/update-1-september-kasus-covid-19-di-indonesia-capai-41-juta-tambah-10337,https://asset.kompas.com/crops/pfbuKWV3rJ5YsppZMAxKeSJq6iA=/0x0:3000x2000/230x152/data/photo/2021/08/28/6129a914733ec.jpg
"Ucapkan Ulang Tahun untuk Memes Prameswari, Billy Syahputra Beri Pelukan Hangat",https://www.kompas.com/hype/read/2021/09/01/173747766/ucapkan-ulang-tahun-untuk-memes-prameswari-billy-syahputra-beri-pelukan,https://asset.kompas.com/crops/Hxi4jtft71R6ToePGCqg0azr4YI=/0x0:0x0/230x152/data/photo/2021/09/01/612f539850436.jpg
"Arab Saudi Hancurkan 3 Drone Kiriman Pemberontak Houthi di Yaman",https://www.kompas.com/global/read/2021/09/01/173653270/arab-saudi-hancurkan-3-drone-kiriman-pemberontak-houthi-di-yaman,https://asset.kompas.com/crops/M3OkyhhxRsgp_e4W-SZQ-nXXHhU=/33x28:859x578/230x152/data/photo/2019/06/11/59064594.jpg
"Jokowi Bertemu 5 Parpol Non Parlemen, Ini yang Dibahas",https://nasional.kompas.com/read/2021/09/01/17355661/jokowi-bertemu-5-parpol-non-parlemen-ini-yang-dibahas,https://asset.kompas.com/crops/cqyKd1P6zuOgqXKZkLEdjSu-Dzg=/119x16:993x599/230x152/data/photo/2021/08/23/6123943c3fc62.jpg
"Cerita Chef Juna dan Pergaulan Tahun 90-an: Pernah Disiksa hingga Nyaris Ditembak",https://www.kompas.com/hype/read/2021/09/01/173543466/cerita-chef-juna-dan-pergaulan-tahun-90-an-pernah-disiksa-hingga-nyaris,https://asset.kompas.com/crops/mfn2RGeCH4WOjvHFOMZrbvZFeZQ=/268x35:1828x1075/230x152/data/photo/2020/11/17/5fb3852be3f0a.jpg
"76 SPBU Hijau Pertamina Beroperasi, Siap Layani Kendaraan Listrik",https://otomotif.kompas.com/read/2021/09/01/173200515/76-spbu-hijau-pertamina-beroperasi-siap-layani-kendaraan-listrik,https://asset.kompas.com/crops/hwPYBz2oG1CGmf2HIQ5ZL7AJhcQ=/0x120:1064x830/230x152/data/photo/2021/09/01/612f41a87aa3d.jpeg
"Bunga yang Penyerbukannya Dibantu Serangga",https://www.kompas.com/sains/read/2021/09/01/173200423/bunga-yang-penyerbukannya-dibantu-serangga,https://asset.kompas.com/crops/7g4rr71MsPnkcBj4hx6MGASij2I=/0x0:750x500/230x152/data/photo/2021/05/09/60979972b8dd7.jpg
"Satgas: BOR Rumah Sakit Rujukan Covid-19 Turun hingga 25,04 Persen",https://nasional.kompas.com/read/2021/09/01/17314731/satgas-bor-rumah-sakit-rujukan-covid-19-turun-hingga-2504-persen,https://asset.kompas.com/crops/UUah1WAhto_3BY_Eaco9ylQXgf8=/0x0:507x338/230x152/data/photo/2021/08/30/612c4f88211ae.jpg
"5 Fakta Dugaan Kebocoran 1,3 Juta Data Pengguna E-HAC",https://www.kompas.com/tren/read/2021/09/01/173100365/5-fakta-dugaan-kebocoran-1-3-juta-data-pengguna-e-hac,https://asset.kompas.com/crops/KiYSitL7-zVbPaAeIPpCpXM3ZZ8=/102x76:908x613/230x152/data/photo/2021/08/31/612dc385e908a.png
"Sidang Putusan Kasus Narkoba Jeff Smith Ditunda, Ada Apa?",https://www.kompas.com/hype/read/2021/09/01/173057466/sidang-putusan-kasus-narkoba-jeff-smith-ditunda-ada-apa,https://asset.kompas.com/crops/mAxJaojmsaQLZMWPuzhxkQFN0ps=/0x0:0x0/230x152/data/photo/2021/04/19/607d3604c9707.jpg
"PPKM Diperpanjang, Ini Rincian Diskon Tarif Listrik dan Bansos yang Diberikan Pemerintah",https://nasional.kompas.com/read/2021/09/01/17305211/ppkm-diperpanjang-ini-rincian-diskon-tarif-listrik-dan-bansos-yang-diberikan,https://asset.kompas.com/crops/pfbuKWV3rJ5YsppZMAxKeSJq6iA=/0x0:3000x2000/230x152/data/photo/2021/08/28/6129a914733ec.jpg
"Peserta SKD CPNS dan PPPK Non-Guru Wajib Vaksinasi Covid-19, kecuali...",https://money.kompas.com/read/2021/09/01/173042126/peserta-skd-cpns-dan-pppk-non-guru-wajib-vaksinasi-covid-19-kecuali,https://asset.kompas.com/crops/m6Aj7eJQfHF-dZPpimOfvJ-iBL8=/0x0:901x601/230x152/data/photo/2021/08/25/6125e7a368efe.png
"Nasdem: Desakan Amendemen UUD 1945 Harus Muncul dari Bawah ke Atas, Bukan Sebaliknya",https://nasional.kompas.com/read/2021/09/01/17301461/nasdem-desakan-amendemen-uud-1945-harus-muncul-dari-bawah-ke-atas-bukan,https://asset.kompas.com/crops/gQoafOIwlwOsv711ZhQ6R4JMNqc=/175x0:1327x768/230x152/data/photo/2019/11/04/5dc03c880d0ff.jpeg
"7 September, Amerika Mengoperasikan Museum Gerakan Seni dan Kerajinan",https://properti.kompas.com/read/2021/09/01/173000121/7-september-amerika-mengoperasikan-museum-gerakan-seni-dan-kerajinan-,https://asset.kompas.com/crops/o1IlOo5WwU7co-2G_fVJDvZALOU=/383x350:993x756/230x152/data/photo/2021/09/01/612f0d3aa4570.jpg
"Polisi: Penggalan Cekcok Petugas SPBU dan Pedagang Viral, Bikin Ormas dari Luar Wilayah Tersinggung",https://regional.kompas.com/read/2021/09/01/172900878/polisi--penggalan-cekcok-petugas-spbu-dan-pedagang-viral-bikin-ormas-dari,https://asset.kompas.com/crops/fMYPcXPsARkM7DRee1YUT-IUlzI=/222x0:1144x614/230x152/data/photo/2021/09/01/612f176c1126f.png
"Penilaian Lomba Mural Gejayan Memanggil Ditarget Rampung Minggu Ini",https://regional.kompas.com/read/2021/09/01/172846378/penilaian-lomba-mural-gejayan-memanggil-ditarget-rampung-minggu-ini,https://asset.kompas.com/crops/0KZ4Uq5oAgWB4fHpXE7Z4pTu19c=/0x0:0x0/230x152/data/photo/2021/08/26/612727c09b362.jpg
"Ini 33 Rute Bus Sekolah Gratis Selama PTM Terbatas di DKI Jakarta",https://www.kompas.com/edu/read/2021/09/01/172804971/ini-33-rute-bus-sekolah-gratis-selama-ptm-terbatas-di-dki-jakarta,https://asset.kompas.com/crops/9hsHxAVX3Onp9qkXjtNnJC8Iat4=/23x86:915x681/230x152/data/photo/2021/04/07/606d3b410700d.jpeg
"Billy Syahputra Ungkap Alasan Memes Prameswari Sering ke Rumahnya",https://www.kompas.com/hype/read/2021/09/01/172614066/billy-syahputra-ungkap-alasan-memes-prameswari-sering-ke-rumahnya,https://asset.kompas.com/crops/Hxi4jtft71R6ToePGCqg0azr4YI=/0x0:0x0/230x152/data/photo/2021/09/01/612f539850436.jpg
"Kasus Jalan Masuk SD Ditembok Setinggi 3 Meter, Polisi Cek Keabsahan Pemilik Lahan",https://regional.kompas.com/read/2021/09/01/172335278/kasus-jalan-masuk-sd-ditembok-setinggi-3-meter-polisi-cek-keabsahan-pemilik,https://asset.kompas.com/crops/zsxOS-_7rUv_GGhq-qUxxec2AQk=/0x0:1080x540/230x152/data/photo/2021/09/01/612f1fae5fb0f.jpg
"Apa Itu Sponge Cake, Jenis Kue yang Sering Disebut Bolu?",https://www.kompas.com/food/read/2021/09/01/172253875/apa-itu-sponge-cake-jenis-kue-yang-sering-disebut-bolu,https://asset.kompas.com/crops/XPk3A9PB0l8bPo22z8aAn4uVETE=/1x0:1280x853/230x152/data/photo/2021/09/01/612f21a1b0a34.jpg
"Ekonomi India Melesat 20,1 Persen di Kuartal II-2021, tapi...",https://money.kompas.com/read/2021/09/01/172222226/ekonomi-india-melesat-201-persen-di-kuartal-ii-2021-tapi,https://asset.kompas.com/crops/74jd98CTCMEeOGQ9sKKphiIAOh8=/0x0:4772x3181/230x152/data/photo/2021/04/24/6083b542e02cc.jpg
"Berstatus Penyintas Covid-19, 1.483 Pelajar yang Belum Divaksinasi di Jakpus Boleh Ikut PTM",https://megapolitan.kompas.com/read/2021/09/01/17220111/berstatus-penyintas-covid-19-1483-pelajar-yang-belum-divaksinasi-di,https://asset.kompas.com/crops/l6jOikV_wFTHASmQBq_OAAs-usI=/0x0:4903x3269/230x152/data/photo/2021/04/23/60825480675fc.jpeg
"Profil Watchdoc, Rumah Produksi yang Dapat Penghargaan Ramon Magsaysay",https://nasional.kompas.com/read/2021/09/01/17213151/profil-watchdoc-rumah-produksi-yang-dapat-penghargaan-ramon-magsaysay,https://asset.kompas.com/crops/jNyNwtVoXnV2mjn9GDJ537-reMs=/216x10:909x472/230x152/data/photo/2021/09/01/612f1b523d1ed.jpg
"Ganjar Pranowo Bebaskan Siswa Kurang Mampu di Jateng Tak Pakai Seragam",https://regional.kompas.com/read/2021/09/01/172038978/ganjar-pranowo-bebaskan-siswa-kurang-mampu-di-jateng-tak-pakai-seragam,https://asset.kompas.com/crops/O13AuVRqizi0l8XX91XN08VhrqA=/0x0:0x0/230x152/data/photo/2021/09/01/612f4a3886ed9.jpg
"Senggol Jorge Martin sampai Crash di MotoGP Inggris, Marc Marquez Harus Dihukum?",https://www.kompas.com/motogp/read/2021/09/01/17200048/senggol-jorge-martin-sampai-crash-di-motogp-inggris-marc-marquez-harus,https://asset.kompas.com/crops/w8JUau-qoC8-c8ISjgMTSmAZa9c=/30x0:1024x663/230x152/data/photo/2021/08/09/61103f81ad3df.jpg
"Warga Diimbau Kembalikan Bansos Jika Merasa Tak Berhak Menerima",https://nasional.kompas.com/read/2021/09/01/17195561/warga-diimbau-kembalikan-bansos-jika-merasa-tak-berhak-menerima,https://asset.kompas.com/crops/du_ORz0d1XL0jiPuIEvCgJ9ys1M=/0x37:800x437/230x152/data/photo/2021/07/27/60ffc1e62ff0c.jpg
"Menagih Janji Jokowi Terkait Regulasi Perlindungan Data Pribadi...",https://nasional.kompas.com/read/2021/09/01/17195381/menagih-janji-jokowi-terkait-regulasi-perlindungan-data-pribadi,https://asset.kompas.com/crops/QdT3CSBm5S3r4MYrOYU2eCBm6JA=/0x0:999x666/230x152/data/photo/2021/08/20/611f923a9cbff.jpg
"Anies Klaim Penurunan Muka Tanah Berkurang dari 20 Titik Jadi 5 Titik",https://megapolitan.kompas.com/read/2021/09/01/17193671/anies-klaim-penurunan-muka-tanah-berkurang-dari-20-titik-jadi-5-titik,https://asset.kompas.com/crops/ymeyy_kt56UuKXl8smvGMgi3shA=/0x0:0x0/230x152/data/photo/2021/06/28/60d95e6d6fd24.jpg
"Memes Prameswari Deg-degan Terima Hadiah Ulang Tahun dari Billy Syahputra",https://www.kompas.com/hype/read/2021/09/01/171932066/memes-prameswari-deg-degan-terima-hadiah-ulang-tahun-dari-billy-syahputra,https://asset.kompas.com/crops/Y4cjsIy1dUUZRVWpOo18sRFTo_s=/0x0:0x0/230x152/data/photo/2021/09/01/612f505b0aa52.jpg
"Fraksi Nasdem MPR: Belum Ada Kajian Mendalam Terkait Amendemen UUD 1945",https://nasional.kompas.com/read/2021/09/01/17175251/fraksi-nasdem-mpr-belum-ada-kajian-mendalam-terkait-amendemen-uud-1945,https://asset.kompas.com/crops/gQoafOIwlwOsv711ZhQ6R4JMNqc=/175x0:1327x768/230x152/data/photo/2019/11/04/5dc03c880d0ff.jpeg
"Bermodalkan Dua Orang Atlet, Jambi Ingin Menangi Medali Emas Karate PON XX Papua 2021",https://www.kompas.com/sports/read/2021/09/01/17170078/bermodalkan-dua-orang-atlet-jambi-ingin-menangi-medali-emas-karate-pon-xx,https://asset.kompas.com/crops/uZ4cDCFvSx57mXAS8gKdWRrdhVw=/0x0:1280x640/230x152/data/photo/2021/07/14/60eedbc77d9cd.jpg
"Video Detik-detik Kecelakaan Maut di Madiun yang Viral, Polisi: Jadi Alat Bukti Penyidik",https://regional.kompas.com/read/2021/09/01/171630078/video-detik-detik-kecelakaan-maut-di-madiun-yang-viral-polisi-jadi-alat,https://asset.kompas.com/crops/JVk5esgr4mx5rCe9Ufb16qkknJU=/0x0:0x0/230x152/data/photo/2021/09/01/612f4b9fe3e6a.jpg
"Epidemiolog Peringatkan Munculnya Gelombang Covid-19 Ketiga Pasca Pelonggaran PPKM",https://megapolitan.kompas.com/read/2021/09/01/17161281/epidemiolog-peringatkan-munculnya-gelombang-covid-19-ketiga-pasca,https://asset.kompas.com/crops/_LGFlN1l8YIxZhfRx2VYcR31B2U=/440x2258:3696x4429/230x152/data/photo/2021/02/25/6037c81d38ece.jpg
"Gamet: Pengertian, Pembentukan, Jenis, dan Contohnya",https://www.kompas.com/skola/read/2021/09/01/171500269/gamet--pengertian-pembentukan-jenis-dan-contohnya,https://asset.kompas.com/crops/t1FnciqX_IJZy3oGQICeAiwdpz8=/0x75:1748x1240/230x152/data/photo/2021/09/01/612f49b38cd54.png
"Nasdem: Meski Amendemen UUD 1945 Terbatas, Potensi Terbukanya Kotak Pandora Selalu Ada",https://nasional.kompas.com/read/2021/09/01/17134991/nasdem-meski-amendemen-uud-1945-terbatas-potensi-terbukanya-kotak-pandora,https://asset.kompas.com/crops/wsACAQ_l34jA0Pqo0KybvCN-sSU=/0x0:3264x2176/230x152/data/photo/2020/01/23/5e291d99b7b7e.jpg
"BRI Micro dan SME Index: Vaksinasi dan Penerapan Protokol Kesehatan Jadi Kunci Kebangkitan UMKM",https://biz.kompas.com/read/2021/09/01/171335628/bri-micro-dan-sme-index-vaksinasi-dan-penerapan-protokol-kesehatan-jadi-kunci,https://asset.kompas.com/crops/GRLjwCWg6sLaTNCDZUN0CDBepvc=/0x0:780x520/230x152/data/photo/2021/09/01/612f523f29aec.jpg
"Masih Ada Warganya dan Sekutu Tertinggal, Inggris Negosiasi Lagi dengan Taliban",https://www.kompas.com/global/read/2021/09/01/171236170/masih-ada-warganya-dan-sekutu-tertinggal-inggris-negosiasi-lagi-dengan,https://asset.kompas.com/crops/ajfJmgKQp2ltH0q5wslcqaXqDE4=/0x2:1024x685/230x152/data/photo/2021/09/01/612f529bab20d.jpg
"Jet Li Dikabarkan Akan Masuk Daftar Hitam Pemerintah China",https://www.kompas.com/hype/read/2021/09/01/171038066/jet-li-dikabarkan-akan-masuk-daftar-hitam-pemerintah-china,https://asset.kompas.com/crops/B2NjU8nhDJ6woSiCroYKoCAvfjg=/0x108:1000x775/230x152/data/photo/2018/05/23/2954172527.jpg
"Agatha Suci Tuangkan Kasih Sayang Ibu kepada Anak dalam Lagu Hadirmu",https://www.kompas.com/hype/read/2021/09/01/170735766/agatha-suci-tuangkan-kasih-sayang-ibu-kepada-anak-dalam-lagu-hadirmu,https://asset.kompas.com/crops/FiRO6aNrYXYPEvUjHSEY869gkqU=/0x141:853x709/230x152/data/photo/2021/09/01/612f50062801e.jpeg
"9 Tips Mendekorasi Rumah Minimalis",https://www.kompas.com/homey/read/2021/09/01/170700476/9-tips-mendekorasi-rumah-minimalis,https://asset.kompas.com/crops/C1JvgJY3pzIRaSRUB7lQbmEPAug=/0x0:1000x667/230x152/data/photo/2021/07/05/60e2b73858022.jpg
"Polisi Mengaku Tak Tahu Ada Keterlibatan Aparat Bersenjata dalam Penyekapan Pengusaha di Depok",https://megapolitan.kompas.com/read/2021/09/01/17061381/polisi-mengaku-tak-tahu-ada-keterlibatan-aparat-bersenjata-dalam,https://asset.kompas.com/crops/Gqq6iFXPIWCA1EO51JIc-BW2yHo=/6x0:851x563/230x152/data/photo/2018/06/12/269375148.jpg
"Sempat Dibebastugaskan, Edy Sujatmiko Kembali Jabat Sekda Jepara",https://regional.kompas.com/read/2021/09/01/170556478/sempat-dibebastugaskan-edy-sujatmiko-kembali-jabat-sekda-jepara,https://asset.kompas.com/crops/dx5Qdd2hLzZZQm5HHJNnD8CvLMo=/0x0:0x0/230x152/data/photo/2021/08/12/6114f7106d901.jpg
"Aturan Lengkap Memasuki Pusat Perbelanjaan serta Makan dan Minum di Restoran pada PPKM Level 2-4",https://www.kompas.com/tren/read/2021/09/01/170500565/aturan-lengkap-memasuki-pusat-perbelanjaan-serta-makan-dan-minum-di,https://asset.kompas.com/crops/oudNR1HGDeRMppjKbv4eeXlFRtQ=/0x0:993x662/230x152/data/photo/2021/08/16/611a85ddbf706.jpg
"Penelitian Baru: Varian Delta Bisa Menular Sejak 2 Hari Sebelum Muncul Gejala",https://www.kompas.com/sains/read/2021/09/01/170500423/penelitian-baru--varian-delta-bisa-menular-sejak-2-hari-sebelum-muncul,https://asset.kompas.com/crops/xYMnkPHXxD6lk5S6BFU7iTPsDzA=/100x67:900x600/230x152/data/photo/2021/07/17/60f1cfac52964.jpg
"Digoda Deddy Corbuzier soal Musik Haram, Desta: Musik Banyak Menolong Orang",https://www.kompas.com/hype/read/2021/09/01/170439566/digoda-deddy-corbuzier-soal-musik-haram-desta-musik-banyak-menolong-orang,https://asset.kompas.com/crops/HG2HJkV4E4AJVeCsqb7WYJPzCQE=/230x22:1688x994/230x152/data/photo/2021/01/01/5feee6b78dc13.jpeg
"Geledah Kantor BPBD Jember, Polisi Sita Dokumen Anggaran Pemakaman Covid-19",https://regional.kompas.com/read/2021/09/01/170421078/geledah-kantor-bpbd-jember-polisi-sita-dokumen-anggaran-pemakaman-covid-19,https://asset.kompas.com/crops/_pUilX_gvkYTGbjTC7iteZWf3ko=/0x0:0x0/230x152/data/photo/2021/09/01/612f3faaadb0d.jpg
